{"options":{"check_for_updates":true,"comment":null,"compatopts_for_requires":true,"compat_wrappedjsobject":false,"compat_metadata":false,"compat_foreach":false,"compat_arrayleft":false,"compat_uW_gmonkey":false,"compat_forvarin":false,"noframes":null,"awareOfChrome":false,"run_at":"context-menu","override":{"merge_connects":true,"merge_excludes":true,"merge_includes":true,"merge_matches":true,"orig_connects":[],"orig_excludes":[],"orig_includes":[],"orig_matches":["https://www.google.com/search?q=tampermonkey+copy+to+clipboard&oq=tampermonkey+copy+to+clipboard&aqs=chrome.0.69i59j69i60l3.6097j0j7&sourceid=chrome&ie=UTF-8"],"orig_noframes":null,"orig_run_at":"document-idle","use_blockers":[],"use_connects":[],"use_excludes":[],"use_includes":[],"use_matches":[]}},"settings":{"enabled":true,"position":2},"meta":{"name":"Copy R Packages","uuid":"ea84b869-34bc-473a-b898-971c7009adc1","modified":1581958912614}}