{"options":{"check_for_updates":true,"comment":null,"compatopts_for_requires":true,"compat_wrappedjsobject":false,"compat_metadata":false,"compat_foreach":false,"compat_arrayleft":false,"compat_uW_gmonkey":false,"compat_forvarin":false,"noframes":null,"awareOfChrome":false,"run_at":"context-menu","override":{"use_includes":[],"orig_includes":[],"merge_includes":true,"use_matches":[],"orig_matches":["https://www.google.com/search?q=tampermonkey+copy+to+clipboard&oq=tampermonkey+copy+to+clipboard&aqs=chrome.0.69i59j69i60l3.6097j0j7&sourceid=chrome&ie=UTF-8"],"merge_matches":true,"use_excludes":[],"orig_excludes":[],"merge_excludes":true,"use_connects":[],"merge_connects":true,"use_blockers":[],"orig_run_at":"document-idle","orig_noframes":null,"orig_connects":[]}},"settings":{"enabled":true,"position":1},"meta":{"name":"Copy Python Packages","uuid":"7f8153f9-9a81-4aa4-b3fb-85c6aa6b6995","modified":1571208936765}}